w_v_nm,solar_E_wm2um,a_ozone,a_umg,a_water,cloud_a_i,cloud_b_i,cloud_c_i,cloud_d_i,cloud_e_i,cloud_f_i
350,0.961,0.009,0,0,2.817,1.305,-5.62E-08,1.63E-07,0.829,2.482
351,0.953,0.012,0,0,2.817,1.305,-5.62E-08,1.63E-07,0.829,2.482
352,0.949,0.009,0,0,2.817,1.305,-5.62E-08,1.63E-07,0.829,2.482
353,1.056,0.006,0,0,2.817,1.305,-5.62E-08,1.63E-07,0.829,2.482
354,1.122,0.004,0,0,2.817,1.305,-5.62E-08,1.63E-07,0.829,2.482
355,1.078,0.002,0,0,2.817,1.305,-5.62E-08,1.63E-07,0.829,2.482
356,1.047,0.002,0,0,2.817,1.305,-5.62E-08,1.63E-07,0.829,2.482
357,0.879,0.001,0,0,2.817,1.305,-5.62E-08,1.63E-07,0.829,2.482
358,0.752,0.001,0,0,2.817,1.305,-5.62E-08,1.63E-07,0.829,2.482
359,0.919,0.001,0,0,2.817,1.305,-5.62E-08,1.63E-07,0.829,2.482
360,1.062,0,0,0,2.817,1.305,-5.62E-08,1.63E-07,0.829,2.482
361,1.054,0,0,0,2.817,1.305,-5.62E-08,1.63E-07,0.829,2.482
362,1.047,0,0,0,2.817,1.305,-5.62E-08,1.63E-07,0.829,2.482
363,1.024,0,0,0,2.817,1.305,-5.62E-08,1.63E-07,0.829,2.482
364,0.998,0,0,0,2.817,1.305,-5.62E-08,1.63E-07,0.829,2.482
365,1.108,0,0,0,2.817,1.305,-5.62E-08,1.63E-07,0.829,2.482
366,1.259,0,0,0,2.817,1.305,-5.62E-08,1.63E-07,0.829,2.482
367,1.221,0,0,0,2.817,1.305,-5.62E-08,1.63E-07,0.829,2.482
368,1.156,0,0,0,2.817,1.305,-5.62E-08,1.63E-07,0.829,2.482
369,1.184,0,0,0,2.817,1.305,-5.62E-08,1.63E-07,0.829,2.482
370,1.197,0,0,0,2.817,1.305,-5.62E-08,1.63E-07,0.829,2.482
371,1.162,0,0,0,2.817,1.305,-5.62E-08,1.63E-07,0.829,2.482
372,1.144,0,0,0,2.817,1.305,-5.62E-08,1.63E-07,0.829,2.482
373,1.027,0,0,0,2.817,1.305,-5.62E-08,1.63E-07,0.829,2.482
374,0.953,0,0,0,2.817,1.305,-5.62E-08,1.63E-07,0.829,2.482
375,1.004,0,0,0,2.817,1.305,-5.62E-08,1.63E-07,0.829,2.482
376,1.004,0,0,0,2.817,1.305,-5.62E-08,1.63E-07,0.829,2.482
377,1.317,0,0,0,2.817,1.305,-5.62E-08,1.63E-07,0.829,2.482
378,1.317,0,0,0,2.817,1.305,-5.62E-08,1.63E-07,0.829,2.482
379,1.141,0,0,0,2.817,1.305,-5.62E-08,1.63E-07,0.829,2.482
380,1.139,0,0,0,2.817,1.305,-5.62E-08,1.63E-07,0.829,2.482
381,1.115,0,0,0,2.817,1.305,-5.62E-08,1.63E-07,0.829,2.482
382,1.083,0,0,0,2.817,1.305,-5.62E-08,1.63E-07,0.829,2.482
383,0.821,0,0,0,2.817,1.305,-5.62E-08,1.63E-07,0.829,2.482
384,0.858,0,0,0,2.817,1.305,-5.62E-08,1.63E-07,0.829,2.482
385,1.029,0,0,0,2.817,1.305,-5.62E-08,1.63E-07,0.829,2.482
386,1.026,0,0,0,2.817,1.305,-5.62E-08,1.63E-07,0.829,2.482
387,0.995,0,0,0,2.817,1.305,-5.62E-08,1.63E-07,0.829,2.482
388,1.01,0,0,0,2.817,1.305,-5.62E-08,1.63E-07,0.829,2.482
389,1.145,0,0,0,2.817,1.305,-5.62E-08,1.63E-07,0.829,2.482
390,1.152,0,0,0,2.817,1.305,-5.62E-08,1.63E-07,0.829,2.482
391,1.263,0,0,0,2.817,1.305,-5.62E-08,1.63E-07,0.829,2.482
392,1.115,0,0,0,2.817,1.305,-5.62E-08,1.63E-07,0.829,2.482
393,0.733,0,0,0,2.817,1.305,-5.62E-08,1.63E-07,0.829,2.482
394,0.852,0,0,0,2.817,1.305,-5.62E-08,1.63E-07,0.829,2.482
395,1.25,0,0,0,2.817,1.305,-5.62E-08,1.63E-07,0.829,2.482
396,1.071,0,0,0,2.817,1.305,-5.62E-08,1.63E-07,0.829,2.482
397,0.853,0,0,0,2.817,1.305,-5.62E-08,1.63E-07,0.829,2.482
398,1.25,0,0,0,2.817,1.305,-5.62E-08,1.63E-07,0.829,2.482
399,1.515,0,0,0,2.817,1.305,-5.62E-08,1.63E-07,0.829,2.482
400,1.674,0,0,0,2.817,1.305,-5.62E-08,1.63E-07,0.829,2.482
401,1.721,0,0,0,2.817,1.305,-5.62E-08,1.63E-07,0.829,2.482
402,1.799,0,0,0,2.817,1.305,-5.62E-08,1.63E-07,0.829,2.482
403,1.719,0,0,0,2.817,1.305,-5.62E-08,1.63E-07,0.829,2.482
404,1.638,0,0,0,2.817,1.305,-5.62E-08,1.63E-07,0.829,2.482
405,1.651,0,0,0,2.817,1.305,-5.62E-08,1.63E-07,0.829,2.482
406,1.663,0,0,0,2.817,1.305,-5.62E-08,1.63E-07,0.829,2.482
407,1.681,0,0,0,2.817,1.305,-5.62E-08,1.63E-07,0.829,2.482
408,1.698,0,0,0,2.817,1.305,-5.62E-08,1.63E-07,0.829,2.482
409,1.65,0,0,0,2.817,1.305,-5.62E-08,1.63E-07,0.829,2.482
410,1.621,0,0,0,2.817,1.305,-5.62E-08,1.63E-07,0.829,2.482
411,1.74,0,0,0,2.817,1.305,-5.62E-08,1.63E-07,0.829,2.482
412,1.812,0,0,0,2.817,1.305,-5.62E-08,1.63E-07,0.829,2.482
413,1.755,0,0,0,2.817,1.305,-5.62E-08,1.63E-07,0.829,2.482
414,1.74,0,0,0,2.817,1.305,-5.62E-08,1.63E-07,0.829,2.482
415,1.781,0,0,0,2.817,1.305,-5.62E-08,1.63E-07,0.829,2.482
416,1.791,0,0,0,2.817,1.305,-5.62E-08,1.63E-07,0.829,2.482
417,1.715,0,0,0,2.817,1.305,-5.62E-08,1.63E-07,0.829,2.482
418,1.701,0,0,0,2.817,1.305,-5.62E-08,1.63E-07,0.829,2.482
419,1.663,0,0,0,2.817,1.305,-5.62E-08,1.63E-07,0.829,2.482
420,1.124,0,0,0,2.817,1.305,-5.62E-08,1.63E-07,0.829,2.482
421,1.823,0,0,0,2.817,1.305,-5.62E-08,1.63E-07,0.829,2.482
422,1.76,0,0,0,2.817,1.305,-5.62E-08,1.63E-07,0.829,2.482
423,1.657,0,0,0,2.817,1.305,-5.62E-08,1.63E-07,0.829,2.482
424,1.693,0,0,0,2.817,1.305,-5.62E-08,1.63E-07,0.829,2.482
425,1.748,0,0,0,2.817,1.305,-5.62E-08,1.63E-07,0.829,2.482
426,1.691,0,0,0,2.817,1.305,-5.62E-08,1.63E-07,0.829,2.482
427,1.673,0,0,0,2.817,1.305,-5.62E-08,1.63E-07,0.829,2.482
428,1.656,0.001,0,0,2.817,1.305,-5.62E-08,1.63E-07,0.829,2.482
429,1.65,0.001,0,0,2.817,1.305,-5.62E-08,1.63E-07,0.829,2.482
430,1.407,0.001,0,0,2.817,1.305,-5.62E-08,1.63E-07,0.829,2.482
431,1.351,0.001,0,0,2.817,1.305,-5.62E-08,1.63E-07,0.829,2.482
432,1.727,0.001,0,0,2.817,1.305,-5.62E-08,1.63E-07,0.829,2.482
433,1.805,0.002,0,0,2.817,1.305,-5.62E-08,1.63E-07,0.829,2.482
434,1.69,0.002,0,0,2.817,1.305,-5.62E-08,1.63E-07,0.829,2.482
435,1.767,0.002,0,0,2.817,1.305,-5.62E-08,1.63E-07,0.829,2.482
436,1.835,0.002,0,0,2.817,1.305,-5.62E-08,1.63E-07,0.829,2.482
437,1.845,0.002,0,0,2.817,1.305,-5.62E-08,1.63E-07,0.829,2.482
438,1.792,0.002,0,0,2.817,1.305,-5.62E-08,1.63E-07,0.829,2.482
439,1.673,0.003,0,0,2.817,1.305,-5.62E-08,1.63E-07,0.829,2.482
440,1.711,0.003,0,0,2.817,1.305,-5.62E-08,1.63E-07,0.829,2.482
441,1.796,0.003,0,0,2.817,1.305,-5.62E-08,1.63E-07,0.829,2.482
442,1.892,0.003,0,0,2.817,1.305,-5.62E-08,1.63E-07,0.829,2.482
443,1.957,0.003,0,0,2.817,1.305,-5.62E-08,1.63E-07,0.829,2.482
444,1.961,0.003,0,0,2.817,1.305,-5.62E-08,1.63E-07,0.829,2.482
445,1.963,0.003,0,0,2.817,1.305,-5.62E-08,1.63E-07,0.829,2.482
446,1.856,0.003,0,0,2.817,1.305,-5.62E-08,1.63E-07,0.829,2.482
447,1.874,0.003,0,0,2.817,1.305,-5.62E-08,1.63E-07,0.829,2.482
448,2.036,0.003,0,0,2.817,1.305,-5.62E-08,1.63E-07,0.829,2.482
449,2.054,0.003,0,0,2.817,1.305,-5.62E-08,1.63E-07,0.829,2.482
450,2.135,0.003,0,0,2.817,1.305,-5.62E-08,1.63E-07,0.829,2.482
451,2.111,0.003,0,0,2.817,1.305,-5.62E-08,1.63E-07,0.829,2.482
452,2.004,0.004,0,0,2.817,1.305,-5.62E-08,1.63E-07,0.829,2.482
453,2.007,0.004,0,0,2.817,1.305,-5.62E-08,1.63E-07,0.829,2.482
454,2.024,0.005,0,0,2.817,1.305,-5.62E-08,1.63E-07,0.829,2.482
455,2.03,0.005,0,0,2.817,1.305,-5.62E-08,1.63E-07,0.829,2.482
456,2.066,0.006,0,0,2.817,1.305,-5.62E-08,1.63E-07,0.829,2.482
457,2.06,0.007,0,0,2.817,1.305,-5.62E-08,1.63E-07,0.829,2.482
458,2.028,0.007,0,0,2.817,1.305,-5.62E-08,1.63E-07,0.829,2.482
459,2.028,0.008,0,0,2.817,1.305,-5.62E-08,1.63E-07,0.829,2.482
460,2.029,0.008,0,0,2.817,1.305,-5.62E-08,1.63E-07,0.829,2.482
461,2.039,0.009,0,0,2.817,1.305,-5.62E-08,1.63E-07,0.829,2.482
462,2.101,0.009,0,0,2.817,1.305,-5.62E-08,1.63E-07,0.829,2.482
463,2.086,0.009,0,0,2.817,1.305,-5.62E-08,1.63E-07,0.829,2.482
464,1.992,0.009,0,0,2.817,1.305,-5.62E-08,1.63E-07,0.829,2.482
465,1.987,0.008,0,0,2.817,1.305,-5.62E-08,1.63E-07,0.829,2.482
466,1.959,0.008,0,0,2.817,1.305,-5.62E-08,1.63E-07,0.829,2.482
467,1.966,0.007,0,0,2.817,1.305,-5.62E-08,1.63E-07,0.829,2.482
468,2.01,0.001,0,0,2.817,1.305,-5.62E-08,1.63E-07,0.829,2.482
469,2.001,0.007,0,0,2.817,1.305,-5.62E-08,1.63E-07,0.829,2.482
470,1.946,0.007,0,0,2.817,1.305,-5.62E-08,1.63E-07,0.829,2.482
471,1.957,0.008,0,0,2.817,1.305,-5.62E-08,1.63E-07,0.829,2.482
472,2.022,0.009,0,0,2.817,1.305,-5.62E-08,1.63E-07,0.829,2.482
473,2.025,0.01,0,0,2.817,1.305,-5.62E-08,1.63E-07,0.829,2.482
474,2.038,0.011,0,0,2.817,1.305,-5.62E-08,1.63E-07,0.829,2.482
475,2.029,0.012,0,0,2.817,1.305,-5.62E-08,1.63E-07,0.829,2.482
476,1.982,0.013,0,0,2.817,1.305,-5.62E-08,1.63E-07,0.829,2.482
477,1.996,0.014,0,0,2.817,1.305,-5.62E-08,1.63E-07,0.829,2.482
478,2.063,0.015,0,0,2.817,1.305,-5.62E-08,1.63E-07,0.829,2.482
479,2.064,0.017,0,0,2.817,1.305,-5.62E-08,1.63E-07,0.829,2.482
480,2.067,0.018,0,0,2.817,1.305,-5.62E-08,1.63E-07,0.829,2.482
481,2.065,0.019,0,0,2.817,1.305,-5.62E-08,1.63E-07,0.829,2.482
482,2.054,0.02,0,0,2.817,1.305,-5.62E-08,1.63E-07,0.829,2.482
483,2.047,0.02,0,0,2.817,1.305,-5.62E-08,1.63E-07,0.829,2.482
484,2.011,0.021,0,0,2.817,1.305,-5.62E-08,1.63E-07,0.829,2.482
485,1.95,0.02,0,0,2.817,1.305,-5.62E-08,1.63E-07,0.829,2.482
486,1.687,0.02,0,0,2.817,1.305,-5.62E-08,1.63E-07,0.829,2.482
487,1.723,0.019,0,0,2.817,1.305,-5.62E-08,1.63E-07,0.829,2.482
488,1.874,0.019,0,0,2.817,1.305,-5.62E-08,1.63E-07,0.829,2.482
489,1.949,0.018,0,0,2.817,1.305,-5.62E-08,1.63E-07,0.829,2.482
490,1.938,0.018,0,0,2.817,1.305,-5.62E-08,1.63E-07,0.829,2.482
491,1.9,0.019,0,0,2.817,1.305,-5.62E-08,1.63E-07,0.829,2.482
492,1.909,0.019,0,0,2.817,1.305,-5.62E-08,1.63E-07,0.829,2.482
493,1.941,0.02,0,0,2.817,1.305,-5.62E-08,1.63E-07,0.829,2.482
494,1.954,0.021,0,0,2.817,1.305,-5.62E-08,1.63E-07,0.829,2.482
495,2.003,0.022,0,0,2.817,1.305,-5.62E-08,1.63E-07,0.829,2.482
496,2.003,0.023,0,0,2.817,1.305,-5.62E-08,1.63E-07,0.829,2.482
497,2.003,0.024,0,0,2.817,1.305,-5.62E-08,1.63E-07,0.829,2.482
498,1.973,0.025,0,0,2.817,1.305,-5.62E-08,1.63E-07,0.829,2.482
499,1.933,0.026,0,0,2.817,1.305,-5.62E-08,1.63E-07,0.829,2.482
500,1.871,0.028,0,0,2.817,1.305,-5.62E-08,1.63E-07,0.829,2.482
501,1.832,0.03,0,0,2.817,1.305,-5.62E-08,1.63E-07,0.829,2.482
502,1.89,0.032,0,0,2.817,1.305,-5.62E-08,1.63E-07,0.829,2.482
503,1.928,0.034,0,0,2.817,1.305,-5.62E-08,1.63E-07,0.829,2.482
504,1.925,0.036,0,0,2.817,1.305,-5.62E-08,1.63E-07,0.829,2.482
505,1.924,0.038,0,0,2.817,1.305,-5.62E-08,1.63E-07,0.829,2.482
506,1.956,0.039,0,0,2.817,1.305,-5.62E-08,1.63E-07,0.829,2.482
507,1.977,0.041,0,0,2.817,1.305,-5.62E-08,1.63E-07,0.829,2.482
508,1.953,0.041,0,0,2.817,1.305,-5.62E-08,1.63E-07,0.829,2.482
509,1.941,0.041,0,0,2.817,1.305,-5.62E-08,1.63E-07,0.829,2.482
510,1.939,0.04,0,0,2.817,1.305,-5.62E-08,1.63E-07,0.829,2.482
511,1.939,0.039,0,0,2.817,1.305,-5.62E-08,1.63E-07,0.829,2.482
512,1.913,0.038,0,0,2.817,1.305,-5.62E-08,1.63E-07,0.829,2.482
513,1.9,0.037,0,0,2.817,1.305,-5.62E-08,1.63E-07,0.829,2.482
514,1.872,0.037,0,0,2.817,1.305,-5.62E-08,1.63E-07,0.829,2.482
515,1.858,0.038,0,0,2.817,1.305,-5.62E-08,1.63E-07,0.829,2.482
516,1.744,0.039,0,0,2.817,1.305,-5.62E-08,1.63E-07,0.829,2.482
517,1.688,0.041,0,0,2.817,1.305,-5.62E-08,1.63E-07,0.829,2.482
518,1.725,0.042,0,0,2.817,1.305,-5.62E-08,1.63E-07,0.829,2.482
519,1.743,0.044,0,0,2.817,1.305,-5.62E-08,1.63E-07,0.829,2.482
520,1.828,0.045,0,0,2.817,1.305,-5.62E-08,1.63E-07,0.829,2.482
521,1.862,0.047,0,0,2.817,1.305,-5.62E-08,1.63E-07,0.829,2.482
522,1.891,0.049,0,0,2.817,1.305,-5.62E-08,1.63E-07,0.829,2.482
523,1.908,0.051,0,0,2.817,1.305,-5.62E-08,1.63E-07,0.829,2.482
524,1.922,0.052,0,0,2.817,1.305,-5.62E-08,1.63E-07,0.829,2.482
525,1.873,0.054,0,0,2.817,1.305,-5.62E-08,1.63E-07,0.829,2.482
526,1.843,0.056,0,0,2.817,1.305,-5.62E-08,1.63E-07,0.829,2.482
527,1.834,0.058,0,0,2.817,1.305,-5.62E-08,1.63E-07,0.829,2.482
528,1.83,0.059,0,0,2.817,1.305,-5.62E-08,1.63E-07,0.829,2.482
529,1.921,0.061,0,0,2.817,1.305,-5.62E-08,1.63E-07,0.829,2.482
530,1.959,0.063,0,0,2.817,1.305,-5.62E-08,1.63E-07,0.829,2.482
531,1.952,0.064,0,0,2.817,1.305,-5.62E-08,1.63E-07,0.829,2.482
532,1.948,0.066,0,0,2.817,1.305,-5.62E-08,1.63E-07,0.829,2.482
533,1.872,0.068,0,0,2.817,1.305,-5.62E-08,1.63E-07,0.829,2.482
534,1.859,0.069,0,0,2.817,1.305,-5.62E-08,1.63E-07,0.829,2.482
535,1.951,0.07,0,0,2.817,1.305,-5.62E-08,1.63E-07,0.829,2.482
536,1.941,0.071,0,0,2.817,1.305,-5.62E-08,1.63E-07,0.829,2.482
537,1.861,0.072,0,0,2.817,1.305,-5.62E-08,1.63E-07,0.829,2.482
538,1.858,0.072,0,0,2.817,1.305,-5.62E-08,1.63E-07,0.829,2.482
539,1.851,0.072,0,0,2.817,1.305,-5.62E-08,1.63E-07,0.829,2.482
540,1.84,0.072,0,0,2.817,1.305,-5.62E-08,1.63E-07,0.829,2.482
541,1.819,0.073,0,0,2.817,1.305,-5.62E-08,1.63E-07,0.829,2.482
542,1.847,0.074,0,0,2.817,1.305,-5.62E-08,1.63E-07,0.829,2.482
543,1.875,0.075,0,0,2.817,1.305,-5.62E-08,1.63E-07,0.829,2.482
544,1.893,0.076,0,0,2.817,1.305,-5.62E-08,1.63E-07,0.829,2.482
545,1.911,0.077,0,0,2.817,1.305,-5.62E-08,1.63E-07,0.829,2.482
546,1.889,0.079,0,0,2.817,1.305,-5.62E-08,1.63E-07,0.829,2.482
547,1.867,0.08,0,0,2.817,1.305,-5.62E-08,1.63E-07,0.829,2.482
548,1.875,0.081,0,0,2.817,1.305,-5.62E-08,1.63E-07,0.829,2.482
549,1.883,0.083,0,0,2.817,1.305,-5.62E-08,1.63E-07,0.829,2.482
550,1.878,0.084,0,0,2.817,1.305,-5.62E-08,1.63E-07,0.829,2.482
551,1.874,0.085,0,0,2.817,1.305,-5.62E-08,1.63E-07,0.829,2.482
552,1.87,0.086,0,0,2.817,1.305,-5.62E-08,1.63E-07,0.829,2.482
553,1.869,0.087,0,0,2.817,1.305,-5.62E-08,1.63E-07,0.829,2.482
554,1.889,0.088,0,0,2.817,1.305,-5.62E-08,1.63E-07,0.829,2.482
555,1.896,0.089,0,0,2.817,1.305,-5.62E-08,1.63E-07,0.829,2.482
556,1.84,0.09,0,0,2.817,1.305,-5.62E-08,1.63E-07,0.829,2.482
557,1.826,0.091,0,0,2.817,1.305,-5.62E-08,1.63E-07,0.829,2.482
558,1.817,0.092,0,0,2.817,1.305,-5.62E-08,1.63E-07,0.829,2.482
559,1.815,0.094,0,0,2.817,1.305,-5.62E-08,1.63E-07,0.829,2.482
560,1.823,0.096,0,0,2.817,1.305,-5.62E-08,1.63E-07,0.829,2.482
561,1.824,0.098,0,0,2.817,1.305,-5.62E-08,1.63E-07,0.829,2.482
562,1.86,0.1,0,0,2.817,1.305,-5.62E-08,1.63E-07,0.829,2.482
563,1.868,0.103,0,0,2.817,1.305,-5.62E-08,1.63E-07,0.829,2.482
564,1.848,0.105,0,0,2.817,1.305,-5.62E-08,1.63E-07,0.829,2.482
565,1.844,0.107,0,0,2.817,1.305,-5.62E-08,1.63E-07,0.829,2.482
566,1.844,0.109,0,0.006,2.817,1.305,-5.62E-08,1.63E-07,0.829,2.482
567,1.844,0.112,0,0.014,2.817,1.305,-5.62E-08,1.63E-07,0.829,2.482
568,1.852,0.113,0,0.022,2.817,1.305,-5.62E-08,1.63E-07,0.829,2.482
569,1.853,0.115,0,0.03,2.817,1.305,-5.62E-08,1.63E-07,0.829,2.482
570,1.805,0.116,0,0.034,2.817,1.305,-5.62E-08,1.63E-07,0.829,2.482
571,1.799,0.117,0,0.032,2.817,1.305,-5.62E-08,1.63E-07,0.829,2.482
572,1.884,0.118,0,0.027,2.817,1.305,-5.62E-08,1.63E-07,0.829,2.482
573,1.894,0.119,0,0.022,2.817,1.305,-5.62E-08,1.63E-07,0.829,2.482
574,1.861,0.119,0,0.016,2.817,1.305,-5.62E-08,1.63E-07,0.829,2.482
575,1.857,0.119,0,0.012,2.817,1.305,-5.62E-08,1.63E-07,0.829,2.482
576,1.857,0.119,0,0.01,2.817,1.305,-5.62E-08,1.63E-07,0.829,2.482
577,1.857,0.119,0,0.011,2.817,1.305,-5.62E-08,1.63E-07,0.829,2.482
578,1.822,0.119,0,0.01,2.817,1.305,-5.62E-08,1.63E-07,0.829,2.482
579,1.823,0.118,0,0.008,2.817,1.305,-5.62E-08,1.63E-07,0.829,2.482
580,1.852,0.117,0,0,2.817,1.305,-5.62E-08,1.63E-07,0.829,2.482
581,1.853,0.116,0,0,2.817,1.305,-5.62E-08,1.63E-07,0.829,2.482
582,1.866,0.115,0,0,2.817,1.305,-5.62E-08,1.63E-07,0.829,2.482
583,1.866,0.114,0,0,2.817,1.305,-5.62E-08,1.63E-07,0.829,2.482
584,1.861,0.112,0,0,2.817,1.305,-5.62E-08,1.63E-07,0.829,2.482
585,1.859,0.111,0,0.003,2.817,1.305,-5.62E-08,1.63E-07,0.829,2.482
586,1.81,0.11,0,0.123,2.817,1.305,-5.62E-08,1.63E-07,0.829,2.482
587,1.808,0.109,0,0.284,2.817,1.305,-5.62E-08,1.63E-07,0.829,2.482
588,1.765,0.109,0,0.454,2.817,1.305,-5.62E-08,1.63E-07,0.829,2.482
589,1.765,0.108,0,0.605,2.817,1.305,-5.62E-08,1.63E-07,0.829,2.482
590,1.761,0.108,0,0.7,2.817,1.305,-5.62E-08,1.63E-07,0.829,2.482
591,1.766,0.109,0,0.697,2.817,1.305,-5.62E-08,1.63E-07,0.829,2.482
592,1.797,0.11,0,0.636,2.817,1.305,-5.62E-08,1.63E-07,0.829,2.482
593,1.797,0.112,0,0.549,2.817,1.305,-5.62E-08,1.63E-07,0.829,2.482
594,1.794,0.113,0,0.454,2.817,1.305,-5.62E-08,1.63E-07,0.829,2.482
595,1.798,0.115,0,0.361,2.817,1.305,-5.62E-08,1.63E-07,0.829,2.482
596,1.818,0.117,0,0.278,2.817,1.305,-5.62E-08,1.63E-07,0.829,2.482
597,1.81,0.119,0,0.202,2.817,1.305,-5.62E-08,1.63E-07,0.829,2.482
598,1.763,0.121,0,0.132,2.817,1.305,-5.62E-08,1.63E-07,0.829,2.482
599,1.761,0.122,0,0.069,2.817,1.305,-5.62E-08,1.63E-07,0.829,2.482
600,1.752,0.124,0,0.023,2.817,1.305,-5.62E-08,1.63E-07,0.829,2.482
601,1.747,0.125,0,0.022,2.817,1.305,-5.62E-08,1.63E-07,0.829,2.482
602,1.729,0.125,0,0.017,2.817,1.305,-5.62E-08,1.63E-07,0.829,2.482
603,1.737,0.125,0,0.011,2.817,1.305,-5.62E-08,1.63E-07,0.829,2.482
604,1.772,0.125,0,0.001,2.817,1.305,-5.62E-08,1.63E-07,0.829,2.482
605,1.768,0.124,0,0,2.817,1.305,-5.62E-08,1.63E-07,0.829,2.482
606,1.751,0.123,0,0,2.817,1.305,-5.62E-08,1.63E-07,0.829,2.482
607,1.749,0.122,0,0,2.817,1.305,-5.62E-08,1.63E-07,0.829,2.482
608,1.742,0.12,0,0,2.817,1.305,-5.62E-08,1.63E-07,0.829,2.482
609,1.734,0.119,0,0,2.817,1.305,-5.62E-08,1.63E-07,0.829,2.482
610,1.726,0.118,0,0,2.817,1.305,-5.62E-08,1.63E-07,0.829,2.482
611,1.735,0.116,0,0,2.817,1.305,-5.62E-08,1.63E-07,0.829,2.482
612,1.744,0.115,0,0,2.817,1.305,-5.62E-08,1.63E-07,0.829,2.482
613,1.726,0.114,0,0,2.817,1.305,-5.62E-08,1.63E-07,0.829,2.482
614,1.709,0.112,0,0,2.817,1.305,-5.62E-08,1.63E-07,0.829,2.482
615,1.693,0.111,0,0,2.817,1.305,-5.62E-08,1.63E-07,0.829,2.482
616,1.677,0.11,0,0,2.817,1.305,-5.62E-08,1.63E-07,0.829,2.482
617,1.705,0.108,0,0,2.817,1.305,-5.62E-08,1.63E-07,0.829,2.482
618,1.733,0.107,0,0,2.817,1.305,-5.62E-08,1.63E-07,0.829,2.482
619,1.732,0.105,0,0,2.817,1.305,-5.62E-08,1.63E-07,0.829,2.482
620,1.731,0.104,0,0,2.817,1.305,-5.62E-08,1.63E-07,0.829,2.482
621,1.717,0.103,0,0,2.817,1.305,-5.62E-08,1.63E-07,0.829,2.482
622,1.704,0.101,0,0,2.817,1.305,-5.62E-08,1.63E-07,0.829,2.482
623,1.684,0.1,0,0,2.817,1.305,-5.62E-08,1.63E-07,0.829,2.482
624,1.666,0.099,0,0,2.817,1.305,-5.62E-08,1.63E-07,0.829,2.482
625,1.669,0.097,0,0,2.817,1.305,-5.62E-08,1.63E-07,0.829,2.482
626,1.671,0.096,0.002,0.001,2.817,1.305,-5.62E-08,1.63E-07,0.829,2.482
627,1.689,0.094,0.005,0.002,2.817,1.305,-5.62E-08,1.63E-07,0.829,2.482
628,1.701,0.093,0.008,0.003,2.817,1.305,-5.62E-08,1.63E-07,0.829,2.482
629,1.674,0.092,0.01,0.004,2.817,1.305,-5.62E-08,1.63E-07,0.829,2.482
630,1.656,0.09,0.011,0.005,2.817,1.305,-5.62E-08,1.63E-07,0.829,2.482
631,1.655,0.089,0.01,0.004,2.817,1.305,-5.62E-08,1.63E-07,0.829,2.482
632,1.654,0.088,0.008,0.003,2.817,1.305,-5.62E-08,1.63E-07,0.829,2.482
633,1.654,0.086,0.005,0.002,2.817,1.305,-5.62E-08,1.63E-07,0.829,2.482
634,1.654,0.085,0.002,0.001,2.817,1.305,-5.62E-08,1.63E-07,0.829,2.482
635,1.658,0.083,0,0,2.817,1.305,-5.62E-08,1.63E-07,0.829,2.482
636,1.661,0.082,0,0,2.817,1.305,-5.62E-08,1.63E-07,0.829,2.482
637,1.662,0.081,0,0.001,2.817,1.305,-5.62E-08,1.63E-07,0.829,2.482
638,1.663,0.079,0,0.001,2.817,1.305,-5.62E-08,1.63E-07,0.829,2.482
639,1.643,0.078,0,0.002,2.817,1.305,-5.62E-08,1.63E-07,0.829,2.482
640,1.63,0.077,0,0.001,2.817,1.305,-5.62E-08,1.63E-07,0.829,2.482
641,1.622,0.075,0,0,2.817,1.305,-5.62E-08,1.63E-07,0.829,2.482
642,1.616,0.074,0,0,2.817,1.305,-5.62E-08,1.63E-07,0.829,2.482
643,1.624,0.073,0,0,2.817,1.305,-5.62E-08,1.63E-07,0.829,2.482
644,1.629,0.071,0,0,2.817,1.305,-5.62E-08,1.63E-07,0.829,2.482
645,1.619,0.07,0,0.011,2.817,1.305,-5.62E-08,1.63E-07,0.829,2.482
646,1.612,0.068,0,0.038,2.817,1.305,-5.62E-08,1.63E-07,0.829,2.482
647,1.611,0.067,0,0.074,2.817,1.305,-5.62E-08,1.63E-07,0.829,2.482
648,1.61,0.066,0,0.112,2.817,1.305,-5.62E-08,1.63E-07,0.829,2.482
649,1.582,0.065,0,0.147,2.817,1.305,-5.62E-08,1.63E-07,0.829,2.482
650,1.564,0.064,0,0.173,2.817,1.305,-5.62E-08,1.63E-07,0.829,2.482
651,1.585,0.063,0,0.181,2.817,1.305,-5.62E-08,1.63E-07,0.829,2.482
652,1.6,0.062,0,0.179,2.817,1.305,-5.62E-08,1.63E-07,0.829,2.482
653,1.599,0.061,0,0.171,2.817,1.305,-5.62E-08,1.63E-07,0.829,2.482
654,1.598,0.06,0,0.16,2.817,1.305,-5.62E-08,1.63E-07,0.829,2.482
655,1.462,0.059,0,0.142,2.817,1.305,-5.62E-08,1.63E-07,0.829,2.482
656,1.371,0.058,0,0.117,2.817,1.305,-5.62E-08,1.63E-07,0.829,2.482
657,1.377,0.057,0,0.087,2.817,1.305,-5.62E-08,1.63E-07,0.829,2.482
658,1.415,0.056,0,0.057,2.817,1.305,-5.62E-08,1.63E-07,0.829,2.482
659,1.46,0.056,0,0.029,2.817,1.305,-5.62E-08,1.63E-07,0.829,2.482
660,1.505,0.055,0,0.008,2.817,1.305,-5.62E-08,1.63E-07,0.829,2.482
661,1.548,0.054,0,0,2.817,1.305,-5.62E-08,1.63E-07,0.829,2.482
662,1.581,0.053,0,0,2.817,1.305,-5.62E-08,1.63E-07,0.829,2.482
663,1.584,0.052,0,0,2.817,1.305,-5.62E-08,1.63E-07,0.829,2.482
664,1.576,0.051,0,0,2.817,1.305,-5.62E-08,1.63E-07,0.829,2.482
665,1.566,0.051,0,0.001,2.817,1.305,-5.62E-08,1.63E-07,0.829,2.482
666,1.557,0.05,0,0.002,2.817,1.305,-5.62E-08,1.63E-07,0.829,2.482
667,1.55,0.049,0,0.002,2.817,1.305,-5.62E-08,1.63E-07,0.829,2.482
668,1.543,0.048,0,0.001,2.817,1.305,-5.62E-08,1.63E-07,0.829,2.482
669,1.537,0.047,0,0.001,2.817,1.305,-5.62E-08,1.63E-07,0.829,2.482
670,1.531,0.046,0,0,2.817,1.305,-5.62E-08,1.63E-07,0.829,2.482
671,1.525,0.045,0,0,2.817,1.305,-5.62E-08,1.63E-07,0.829,2.482
672,1.519,0.045,0,0,2.817,1.305,-5.62E-08,1.63E-07,0.829,2.482
673,1.512,0.044,0,0,2.817,1.305,-5.62E-08,1.63E-07,0.829,2.482
674,1.506,0.043,0,0,2.817,1.305,-5.62E-08,1.63E-07,0.829,2.482
675,1.5,0.042,0,0,2.817,1.305,-5.62E-08,1.63E-07,0.829,2.482
676,1.494,0.041,0,0,2.817,1.305,-5.62E-08,1.63E-07,0.829,2.482
677,1.488,0.04,0,0,2.817,1.305,-5.62E-08,1.63E-07,0.829,2.482
678,1.481,0.04,0,0,2.817,1.305,-5.62E-08,1.63E-07,0.829,2.482
679,1.476,0.039,0,0,2.817,1.305,-5.62E-08,1.63E-07,0.829,2.482
680,1.472,0.038,0,0,2.817,1.305,-5.62E-08,1.63E-07,0.829,2.482
681,1.469,0.037,0,0.001,2.817,1.305,-5.62E-08,1.63E-07,0.829,2.482
682,1.466,0.036,0,0.001,2.817,1.305,-5.62E-08,1.63E-07,0.829,2.482
683,1.463,0.035,0,0.001,2.817,1.305,-5.62E-08,1.63E-07,0.829,2.482
684,1.46,0.034,0,0.001,2.817,1.305,-5.62E-08,1.63E-07,0.829,2.482
685,1.457,0.034,0,0.002,2.817,1.305,-5.62E-08,1.63E-07,0.829,2.482
686,1.454,0.033,0.067,0.002,2.817,1.305,-5.62E-08,1.63E-07,0.829,2.482
687,1.45,0.032,0.81,0.002,2.817,1.305,-5.62E-08,1.63E-07,0.829,2.482
688,1.447,0.031,0.65,0.001,2.817,1.305,-5.62E-08,1.63E-07,0.829,2.482
689,1.444,0.03,0.505,0.001,2.817,1.305,-5.62E-08,1.63E-07,0.829,2.482
690,1.441,0.03,0.36,0.001,2.682,1.346,-6.94E-06,2.35E-05,0.794,4.226
691,1.438,0.029,0.325,0.084,2.682,1.346,-6.94E-06,2.35E-05,0.794,4.226
692,1.435,0.028,0.248,0.196,2.682,1.346,-6.94E-06,2.35E-05,0.794,4.226
693,1.432,0.027,0.157,0.317,2.682,1.346,-6.94E-06,2.35E-05,0.794,4.226
694,1.429,0.026,0.068,0.434,2.682,1.346,-6.94E-06,2.35E-05,0.794,4.226
695,1.426,0.025,0.001,0.53,2.682,1.346,-6.94E-06,2.35E-05,0.794,4.226
696,1.423,0.024,0,0.588,2.682,1.346,-6.94E-06,2.35E-05,0.794,4.226
697,1.42,0.024,0,0.621,2.682,1.346,-6.94E-06,2.35E-05,0.794,4.226
698,1.417,0.023,0,0.637,2.682,1.346,-6.94E-06,2.35E-05,0.794,4.226
699,1.414,0.022,0,0.636,2.682,1.346,-6.94E-06,2.35E-05,0.794,4.226
700,1.411,0.022,0,0.602,2.682,1.346,-6.94E-06,2.35E-05,0.794,4.226
